{
  "navigationBarTitleText": "",
  "usingComponents": {
    "van-field": "../../module/field/index",
    "van-cell": "../../module/cell/index",
    "van-cell-group": "../../module/cell-group/index",
    "van-button": "../../module/button/index",
    "van-switch": "../../module/switch/index",

    "wux-icon": "../../dist/icon/index",
    "wux-button": "../../dist/button/index",
    "wux-calendar": "../../dist/calendar/index",
    "wux-upload": "../../dist/upload/index",
    "wux-wing-blank": "../../dist/wing-blank/index",
    "wux-switch": "../../dist/switch/index",
    "wux-toast": "../../dist/toast/index",
    "wux-notice-bar": "../../dist/notice-bar/index",
    "wux-toptips": "../../dist/toptips/index"
  }
}